name,country
Aarhus,Denmark
Aberdeen,"United Kingdom"
Abidjan,"Ivory Coast"
"Abu Dhabi","United Arab Emirates"
Abuja,Nigeria
Acapulco,Mexico
Accra,Ghana
Adak,"United States"
Adamstown,"United Kingdom"
Adana,Turkey
"Addis Ababa",Ethiopia
Adelaide,Australia
Agartala,India
Agra,India
Aguascalientes,Mexico
Ahmedabad,India
Akureyri,Iceland
Alajuela,"Costa Rica"
Albuquerque,"United States"
Alert,Canada
Alexandria,Egypt
Algiers,Algeria
"Aliso Viejo","United States"
Allahabad,India
Almaty,Kazakhstan
Alofi,"New Zealand"
"Alor Setar",Malaysia
"Ambon, Maluku",Indonesia
Amman,Jordan
Amritsar,India
Amsterdam,Netherlands
Anadyr,Russia
Anchorage,"United States"
"Andorra la Vella",Andorra
"Angra do Heroísmo",Portugal
Ankara,Turkey
"Ann Arbor","United States"
Antananarivo,Madagascar
Antofagasta,Chile
Antwerp,Belgium
Apia,Samoa
Aracaju,Brazil
Araraquara,Brazil
Arbil,Iraq
Arequipa,Peru
Arica,Chile
Arkhangelsk,Russia
Ashgabat,Turkmenistan
Asmara,Eritrea
Assis,Brazil
Astana,Kazakhstan
"Asunción",Paraguay
Athens,Greece
Atlanta,"United States"
Auckland,"New Zealand"
Augusta,"United States"
Austin,"United States"
Avarua,"New Zealand"
Ayacucho,Peru
Ayutthaya,Thailand
Baghdad,Iraq
"Bahía Blanca",Argentina
Baku,Azerbaijan
Balikpapan,Indonesia
Baltimore,"United States"
Bamako,Mali
"Banda Aceh",Indonesia
"Bandar Seri Begawan",Brunei
Bandung,Indonesia
Bangalore,India
Bangkok,Thailand
Bangui,"Central African Republic"
Banjul,Gambia
Barcelona,Spain
Barranquilla,Colombia
Barrow,"United States"
Basel,Switzerland
Basra,Iraq
Basse-Terre,France
Basseterre,"Saint Kitts and Nevis"
Bath,"United Kingdom"
Batticaloa,"Sri Lanka"
Bauru,Brazil
Beijing,China
Beirut,Lebanon
Belfast,"United Kingdom"
Belgrade,Serbia
"Belize City",Belize
"Bellevue, WA","United States"
Bellingham,"United States"
Belmopan,Belize
"Belo Horizonte",Brazil
"Belém",Brazil
Benghazi,Libya
"Benin City",Nigeria
Bergen,Norway
Berkeley,"United States"
Berlin,Germany
Bern,Switzerland
Bhisho,"South Africa"
Bilbao,Spain
Birkirkara,Malta
Birmingham,"United States"
Birmingham,"United Kingdom"
Bishkek,Kyrgyzstan
Bismarck,"United States"
Bissau,Guinea-Bissau
Blantyre,Malawi
Bloemfontein,"South Africa"
Bloomington,"United States"
"Boa Vista",Brazil
Bobo-Dioulasso,"Burkina Faso"
"Boca Raton","United States"
Boden,Sweden
"Bodø",Norway
Bogor,Indonesia
"Bogotá",Colombia
Boise,"United States"
Bologna,Italy
Bordeaux,France
Boston,"United States"
Boulder,"United States"
Bradford,"United Kingdom"
"Brasília",Brazil
Bratislava,Slovakia
Bratsk,Russia
Brazzaville,"Republic of the Congo"
Bremen,Germany
Bridgetown,Barbados
Brighton,"United Kingdom"
"Brighton and Hove","United Kingdom"
Brikama,Gambia
Brisbane,Australia
Bristol,"United Kingdom"
"Brooklyn, NY","United States"
Brussels,Belgium
Bucharest,Romania
Budapest,Hungary
"Buenos Aires",Argentina
Buffalo,"United States"
Bujumbura,Burundi
Bulawayo,Zimbabwe
Burbank,"United States"
Burley,"United States"
Burlingame,"United States"
Burlington,"United States"
Bursa,Turkey
Busan,"South Korea"
"Cabo San Lucas",Mexico
Cagliari,Italy
Cairns,Australia
Cairo,Egypt
Calama,Chile
Calgary,Canada
Camarillo,"United States"
"Cambridge MA","United States"
"Cambridge, MA","United States"
"Cambridge, UK","United Kingdom"
Campbell,"United States"
"Campina Grande",Brazil
Campinas,Brazil
"Campo Grande",Brazil
Canberra,Australia
"Cancún",Mexico
Cannes,France
"Cape Town","South Africa"
Caracas,Venezuela
Cardiff,"United Kingdom"
Cartagena,Colombia
Caruaru,Brazil
"Cary, NC","United States"
Casablanca,Morocco
Castries,"Saint Lucia"
Catania,Italy
Cayenne,France
"Cebu City",Philippines
Chaguanas,"Trinidad and Tobago"
Chandigarh,India
Changchun,China
Chantilly,"United States"
Charleston,"United States"
Charlotte,"United States"
"Charlotte Amalie","United States"
Charlottetown,Canada
Chattanooga,"United States"
Chelyabinsk,Russia
Chengdu,China
Chennai,India
"Chennai (Madras)",India
Cheyenne,"United States"
"Chiang Mai",Thailand
"Chiang Rai",Thailand
Chicago,"United States"
Chihuahua,Mexico
Chinandega,Nicaragua
Chittagong,Bangladesh
"Chişinău",Moldova
Chongjin,"North Korea"
Chongqing,China
Christchurch,"New Zealand"
"Chuí",Brazil
Cincinnati,"United States"
"Ciudad Bolívar",Venezuela
"Ciudad Juárez",Mexico
"Ciudad del Este",Paraguay
Cleveland,"United States"
Cluj-Napoca,Romania
"Cockburn Town","United Kingdom"
Coihaique,Chile
Cologne,Germany
Colombo,"Sri Lanka"
"Colorado Springs","United States"
Columbia,"United States"
Columbus,"United States"
"Comodoro Rivadavia",Argentina
Conakry,Guinea
"Concepción",Chile
Concord,"United States"
Conshohocken,"United States"
Copenhagen,Denmark
"Copiapó",Chile
Cork,Ireland
Cotonou,Benin
Coventry,"United Kingdom"
Craiova,Romania
"Cuiabá",Brazil
"Culiacán",Mexico
"Culver City","United States"
Cupertino,"United States"
Curitiba,Brazil
Cusco,Peru
"Córdoba",Argentina
"Cúcuta",Colombia
"Da Nang",Vietnam
Daegu,"South Korea"
Dakar,Senegal
Dalian,China
Dallas,"United States"
Damascus,Syria
Dammam,"Saudi Arabia"
"Dar es Salaam",Tanzania
Darwin,Australia
"Davao City",Philippines
Dayton,"United States"
Deadhorse,"United States"
Dededo,"United States"
Delhi,India
Denpasar,Indonesia
Denver,"United States"
"Des Moines","United States"
Detroit,"United States"
Dhaka,Bangladesh
Dibrugarh,India
Dili,Timor-Leste
Djibouti,Djibouti
Dodoma,Tanzania
Doha,Qatar
Dongguan,China
Douala,Cameroon
Douglas,"United Kingdom"
Dover,"United States"
Dresden,Germany
Dubai,"United Arab Emirates"
Dublin,Ireland
"Dublin OH","United States"
Dunedin,"New Zealand"
Durango,Mexico
Durban,"South Africa"
Durham,"United States"
Dushanbe,Tajikistan
"Düsseldorf",Germany
Edinburgh,"United Kingdom"
Edmonton,Canada
Eilat,Israel
Eindhoven,Netherlands
"El Aaiún",Morocco
"El Paso","United States"
"El Segundo","United States"
Emeryville,"United States"
Enschede,Netherlands
Ensenada,Mexico
Entebbe,Uganda
Enugu,Nigeria
Esbjerg,Denmark
Eskisehir,Turkey
Espoo,Finland
Eureka,Canada
Evanston,"United States"
Exeter,"United Kingdom"
Fairbanks,"United States"
Faisalabad,Pakistan
Fayetteville,"United States"
"Fernando de Noronha",Brazil
Florence,Italy
"Flores Island",Portugal
Florianopolis,Brazil
"Florianópolis",Brazil
"Forked River","United States"
"Fort McMurray",Canada
"Fort Wayne","United States"
"Fort Worth","United States"
Fort-de-France,France
Fortaleza,Brazil
"Foster City","United States"
Francistown,Botswana
"Frankfurt am Main",Germany
"Frederick, MD","United States"
Fredericton,Canada
Freetown,"Sierra Leone"
Fukuoka,Japan
Funafuti,Tuvalu
Funchal,Portugal
Gaborone,Botswana
Gangtok,India
Gaoxiong,"Republic of China (Taiwan)"
Garanhuns,Brazil
Gaza,Palestine
Gaziantep,Turkey
"Gdańsk",Poland
Gdynia,Poland
Geelong,Australia
Geneva,Switzerland
"George Town","United Kingdom"
"George Town",Malaysia
Georgetown,Guyana
Ghent,Belgium
Gibraltar,"United Kingdom"
Glasgow,"United Kingdom"
Gloucester,"United Kingdom"
Goettingen,Germany
"Goiânia",Brazil
"Gold Coast",Australia
"Governador Valadares",Brazil
"Grande Prairie",Canada
Graz,Austria
Greenwich,"United Kingdom"
"Grise Fiord",Canada
Groningen,Netherlands
Grytviken,"United Kingdom"
Guadalajara,Mexico
Guangzhou,China
"Guatemala City",Guatemala
Guayaquil,Ecuador
Gurgaon,India
Guwahati,India
"Göteborg",Sweden
Haarlem,Netherlands
"Hagåtña","United States"
"Hai Phong",Vietnam
Halifax,Canada
Halkida,Greece
Hamburg,Germany
Hamilton,"United Kingdom"
Hamilton,"New Zealand"
Hammerfest,Norway
Handan,China
"Hanga Roa",Chile
Hangzhou,China
Hannover,Germany
Hanoi,Vietnam
Haparanda,Sweden
Harare,Zimbabwe
Harbin,China
"Harbor Springs","United States"
Hargeisa,Somalia
Hartford,"United States"
Hastings,"New Zealand"
"Hat Yai",Thailand
Havana,Cuba
Hawthorne,"United States"
Helena,"United States"
Helsinki,Finland
Heraklion,Greece
Hermosillo,Mexico
Herndon,"United States"
Hillsboro,"United States"
Hilo,"United States"
Hiroshima,Japan
"Ho Chi Minh City",Vietnam
Hobart,Australia
"Hong Kong","Hong Kong"
Honiara,"Solomon Islands"
Honolulu,"United States"
Horta,Portugal
Houston,"United States"
Huambo,Angola
"Huế",Vietnam
Hyderabad,Pakistan
Hyderabad,India
INTERN,_intern_
Ibadan,Nigeria
Ibiza,Spain
"Ilhéus",Brazil
"Iloilo City",Philippines
Imperatriz,Brazil
Incheon,"South Korea"
Indianapolis,"United States"
Innsbruck,Austria
Invercargill,"New Zealand"
Inverness,"United Kingdom"
Ipoh,Malaysia
Iqaluit,Canada
Iquique,Chile
Iquitos,Peru
Irkutsk,Russia
"Iron Mountain","United States"
Irvine,"United States"
Isfahan,Iran
Islamabad,Pakistan
Istanbul,Turkey
Izhevsk,Russia
"Jackson, MS","United States"
Jacksonville,"United States"
Jaipur,India
Jakarta,Indonesia
Jamestown,"United Kingdom"
Jayapura,Indonesia
Jeddah,"Saudi Arabia"
"Jersey City","United States"
Jerusalem,Israel
Jinan,China
Johannesburg,"South Africa"
"Johor Bahru",Malaysia
"João Pessoa",Brazil
"Juazeiro do Norte",Brazil
Juba,"South Sudan"
"Juiz de Fora",Brazil
Juneau,"United States"
"Jyväskylä",Finland
Kabul,Afghanistan
Kaesong,"North Korea"
Kaliningrad,Russia
Kamloops,Canada
Kampala,Uganda
Kandahar,Afghanistan
Kandy,"Sri Lanka"
Kano,Nigeria
Kanpur,India
"Kansas City","United States"
Karachi,Pakistan
Kathmandu,Nepal
Kawasaki,Japan
Kazan,Russia
Kelowna,Canada
Kemi,Finland
"Kemijärvi",Finland
"Key West","United States"
Kharkiv,Ukraine
Khartoum,Sudan
"Khon Kaen",Thailand
Kiel,Germany
Kiev,Ukraine
Kigali,Rwanda
Kimberley,"South Africa"
Kingston,Jamaica
Kingston,Australia
Kingstown,"Saint Vincent and the Grenadines"
Kinshasa,"Democratic Republic of the Congo"
Kirkuk,Iraq
Kiruna,Sweden
Kismayo,Somalia
Knoxville,"United States"
Kochi,India
"Kolkata (Calcutta)",India
Konya,Turkey
Koror,Palau
"Kota Bharu",Malaysia
"Kota Kinabalu",Malaysia
Koulikoro,Mali
"Kraków",Poland
Krasnodar,Russia
Krasnoyarsk,Russia
Kristiansand,Norway
"Kuala Lumpur",Malaysia
Kuching,Malaysia
Kulpahar,India
Kumasi,Ghana
Kunming,China
Kuopio,Finland
Kuusamo,Finland
"Kuwait City",Kuwait
Kyoto,Japan
"Kōbe",Japan
"LA, CA","United States"
LONDON,"United Kingdom"
"La Paz",Bolivia
"La Serena",Chile
Labasa,Fiji
Lagos,Nigeria
Lahore,Pakistan
Lahti,Finland
Lanzhou,China
"Las Palmas de Gran Canaria",Spain
"Las Vegas","United States"
Latakia,Syria
Lausanne,Switzerland
"Lawrence, KS","United States"
Leeds,"United Kingdom"
Leicester,"United Kingdom"
Leiden,Netherlands
Leipzig,Germany
Leuven,Belgium
"León",Mexico
Lhasa,China
Liberia,"Costa Rica"
Libreville,Gabon
Lillehammer,Norway
Lilongwe,Malawi
Lima,Peru
Limon,"Costa Rica"
"Lincoln, NE","United States"
Linz,Austria
Lisbon,Portugal
"Little Rock","United States"
Littleton,"United States"
Liverpool,"United Kingdom"
Livingstone,Zambia
Ljubljana,Slovenia
Lobamba,Swaziland
"Lomé",Togo
London,"United Kingdom"
Longyearbyen,Norway
"Los Altos","United States"
"Los Angeles","United States"
"Los Gatos","United States"
Louisville,"United States"
Luanda,Angola
Lubumbashi,"Democratic Republic of the Congo"
Lucknow,India
Ludhiana,India
"Luleå",Sweden
Lusaka,Zambia
Luxembourg,Luxembourg
Luxor,Egypt
Lviv,Ukraine
Lyon,France
Maastricht,Netherlands
"Macapá",Brazil
"Maceió",Brazil
Madison,"United States"
Madrid,Spain
Mafikeng,"South Africa"
Magadan,Russia
Majuro,"Marshall Islands"
Makassar,Indonesia
Makati,Philippines
Malabo,"Equatorial Guinea"
"Malacca Town",Malaysia
Malang,Indonesia
Malibu,"United States"
"Malmö",Sweden
"Malé",Maldives
Mamoudzou,France
Managua,Nicaragua
Manama,Bahrain
Manaus,Brazil
Manchester,"United Kingdom"
Mandurah,Australia
Manhattan,"United States"
Manila,Philippines
Manzini,Swaziland
Maputo,Mozambique
Maracaibo,Venezuela
Maracay,Venezuela
Markham,Canada
Marrakech,Morocco
Marseille,France
Maseru,Lesotho
Mashhad,Iran
Mata-Utu,France
Mbabane,Swaziland
Mecca,"Saudi Arabia"
Medan,Indonesia
"Medellín",Colombia
"Medford, MA","United States"
Medina,"Saudi Arabia"
Melbourne,Australia
Melekeok,Palau
Melk,Austria
Memphis,"United States"
Mendoza,Argentina
"Menlo Park","United States"
Mersin,Turkey
Messina,Italy
Mexicali,Mexico
"Mexico City",Mexico
Miami,"United States"
Milan,Italy
Milano,Italy
Milwaukee,"United States"
Minneapolis,"United States"
Minsk,Belarus
Miri,Malaysia
"Mobile, AL","United States"
Mogadishu,Somalia
Mombasa,Kenya
Monaco,Monaco
Moncton,Canada
Monrovia,Liberia
Monterrey,Mexico
Montevideo,Uruguay
Montpelier,"United States"
Montreal,Canada
Moroni,Comoros
Moscow,Russia
Mosul,Iraq
Moundou,Chad
"Mount Kailash",China
"Mountain View","United States"
Mugla,Turkey
Multan,Pakistan
Mumbai,India
"Mumbai (Bombay)",India
Munich,Germany
Murmansk,Russia
Muscat,Oman
Mwanza,Tanzania
"Myrtle Beach","United States"
"Málaga",Spain
"Mérida",Mexico
"N'Djamena",Chad
"NEW YORK","United States"
"NO REMOTE",_remote_
"NY, NY","United States"
NYC,"United States"
Nagoya,Japan
Nagpur,India
Naha,Japan
Nairobi,Kenya
"Nakhon Ratchasima",Thailand
Namangan,Uzbekistan
Nanjing,China
Nanning,China
Nantes,France
Naperville,"United States"
Naples,Italy
Narvik,Norway
Nashville,"United States"
Nassau,Bahamas
Natal,Brazil
Naypyidaw,Burma
Ndola,Zambia
Nelson,"New Zealand"
Nelspruit,"South Africa"
Nemuro,Japan
"New Delhi",India
"New Haven","United States"
"New Hope","United States"
"New Orleans","United States"
"New York","United States"
"New York City","United States"
Newark,"United States"
Newcastle,Australia
"Newcastle upon Tyne","United Kingdom"
Newton,"United States"
Niamey,Niger
"Nice, France",France
Nicosia,Cyprus
"Nizhny Novgorod",Russia
"No Remote",_remote_
"No internships",_intern_
Nord,Denmark
Norilsk,Russia
"Norrköping",Sweden
"North Bay",Canada
Norwich,"United Kingdom"
Nottingham,"United Kingdom"
Nouakchott,Mauritania
"Nouméa",France
"Novi Sad",Serbia
Novosibirsk,Russia
Nukulaelae,Tuvalu
Nukus,Uzbekistan
"Nukuʻalofa",Tonga
Nuorgam,Finland
"Nuuk (Godthåb)",Denmark
"Ny-Ålesund",Norway
"Nzérékoré",Guinea
Oakland,"United States"
Odense,Denmark
Odessa,Ukraine
"Oklahoma City","United States"
Omdurman,Sudan
Omsk,Russia
"Orange County","United States"
Oranjestad,Netherlands
Orlando,"United States"
Osaka,Japan
Oslo,Norway
Ottawa,Canada
Ouagadougou,"Burkina Faso"
Oulu,Finland
Oxford,"United Kingdom"
Padang,Indonesia
Padova,Italy
Padua,Italy
"Pago Pago","United States"
Palembang,Indonesia
Palermo,Italy
Palikir,"Federated States of Micronesia"
"Palm Beach","United States"
Palma,Spain
Palmas,Brazil
"Palo Alto","United States"
"Panama City",Panama
"Paoli, PA","United States"
Papeete,France
Paramaribo,Suriname
Paris,France
Pasadena,"United States"
Patna,India
Pattaya,Thailand
Pekanbaru,Indonesia
Pelotas,Brazil
Perth,Australia
Peshawar,Pakistan
Peterborough,"United Kingdom"
Petrolina,Brazil
Petropavlovsk-Kamchatsky,Russia
Philadelphia,"United States"
"Phnom Penh",Cambodia
Phoenix,"United States"
Phuket,Thailand
"Pierre, SD","United States"
Pietermaritzburg,"South Africa"
"Piteå",Sweden
Pittsburgh,"United States"
Plymouth,"United Kingdom"
Podgorica,Montenegro
Polokwane,"South Africa"
"Ponta Delgada",Portugal
Pontianak,Indonesia
"Port Blair",India
"Port Elizabeth","South Africa"
"Port Harcourt",Nigeria
"Port Hedland",Australia
"Port Louis",Mauritius
"Port Moresby","Papua New Guinea"
"Port Said",Egypt
"Port Vila",Vanuatu
"Port of Spain","Trinidad and Tobago"
Port-au-Prince,Haiti
Portland,"United States"
Porto,Portugal
"Porto Alegre",Brazil
"Porto Velho",Brazil
Porto-Novo,Benin
Portsmouth,"United Kingdom"
Poznan,Poland
"Poços de Caldas",Brazil
Prague,"Czech Republic"
Praia,"Cape Verde"
Pretoria,"South Africa"
Pristina,Serbia
Providence,"United States"
"Pudasjärvi",Finland
Puebla,Mexico
"Puerto Aisén",Chile
"Puerto Ayacucho",Venezuela
"Puerto Montt",Chile
"Puerto Toro",Chile
"Puerto Vallarta",Mexico
"Puerto Williams",Chile
Pune,India
"Punta Arenas",Chile
Puntarenas,"Costa Rica"
Pyongyang,"North Korea"
Qaanaaq,Denmark
Qaqortoq,Denmark
Qingdao,China
"Quebec City",Canada
"Querétaro",Mexico
Quetzaltenango,Guatemala
"Quezon City",Philippines
Quito,Ecuador
REMOTE,REMOTE
"REMOTE no",_remote_
Rabat,Morocco
"Rabi Island",Fiji
Raleigh,"United States"
Rawalpindi,Pakistan
"Reading, UK","United Kingdom"
Recife,Brazil
Redmond,"United States"
Redwood,"United States"
Regina,Canada
Remote,_remote_
"Remote not",_remote_
Reno,"United States"
"Reykjavík",Iceland
"Ribeirão Preto",Brazil
Riga,Latvia
"Rio Branco",Brazil
"Rio de Janeiro",Brazil
Riverside,"United States"
Riyadh,"Saudi Arabia"
"Road Town","United Kingdom"
Rochester,"United States"
Rockford,"United States"
Rockhampton,Australia
Rome,Italy
Rosario,Argentina
Roseau,Dominica
Rostov-on-Don,Russia
Rotterdam,Netherlands
Rovaniemi,Finland
"Río Gallegos",Argentina
"SAN FRANCISCO","United States"
SEATTLE,"United States"
SF,"United States"
Sabha,Libya
Sacramento,"United States"
"Saint John",Canada
"Saint Paul","United States"
"Saint Petersburg",Russia
Saint-Denis,France
Saint-Pierre,France
Saipan,"United States"
Salalah,Oman
"Salt Lake City","United States"
Salta,Argentina
Salvador,Brazil
Salzburg,Austria
Samara,Russia
"San Antonio","United States"
"San Carlos de Bariloche",Argentina
"San Diego","United States"
"San Fernando","Trinidad and Tobago"
"San Francisco","United States"
"San Jose","United States"
"San José","Costa Rica"
"San Juan","United States"
"San Luis Obispo","United States"
"San Luis Potosí",Mexico
"San Marino","San Marino"
"San Mateo","United States"
"San Miguel de Tucumán",Argentina
"San Salvador","El Salvador"
"Sana'a",Yemen
"Santa Barbara","United States"
"Santa Clara","United States"
"Santa Cruz de Tenerife",Spain
"Santa Cruz de la Sierra",Bolivia
"Santa Fe","United States"
"Santa Monica","United States"
Santiago,Chile
"Santiago de Cali",Colombia
"Santiago de Cuba",Cuba
"Santo Domingo","Dominican Republic"
Sapporo,Japan
Sarajevo,"Bosnia and Herzegovina"
Saratov,Russia
Sarpsborg,Norway
Saskatoon,Canada
"Sault Ste. Marie",Canada
Seattle,"United States"
Sekondi-Takoradi,Ghana
Semarang,Indonesia
Sendai,Japan
Seoul,"South Korea"
Serekunda,Gambia
Sevilla,Spain
Sfax,Tunisia
Shanghai,China
Sheffield,"United Kingdom"
Shenyang,China
Shenzhen,China
Shigatse,China
Shijiazhuang,China
Shillong,India
Shimla,India
"Siem Reap",Cambodia
Siliguri,India
Simferopol,Ukraine
Singapore,Singapore
Sinop,Brazil
Sitka,"United States"
"Skellefteå",Sweden
Skopje,Macedonia
Sobral,Brazil
Sochi,Russia
Sofia,Bulgaria
Somerville,"United States"
"South Tarawa",Kiribati
Southampton,"United Kingdom"
Southbury,"United States"
Split,Croatia
Springfield,"United States"
"Sri Jayawardenapura-Kotte","Sri Lanka"
Srinagar,India
"St Paul","United States"
"St. George's",Grenada
"St. John's","Antigua and Barbuda"
"St. John's",Canada
"St. Louis","United States"
"St. Petersburg",Russia
"Stanley, UK","United Kingdom"
Stepanakert,Azerbaijan
"Stjørdal",Norway
Stockholm,Sweden
Strasbourg,France
Stuttgart,Germany
Sucre,Bolivia
Sudbury,Canada
Suez,Egypt
Sukhumi,Georgia
Sundsvall,Sweden
Sunnyvale,"United States"
Surabaya,Indonesia
Surat,India
"Surat Thani",Thailand
Suva,Fiji
Swansea,"United Kingdom"
Sydney,Australia
"São José do Rio Preto",Brazil
"São José dos Campos",Brazil
"São Luís",Brazil
"São Paulo",Brazil
"São Tomé","São Tomé and Príncipe"
TORONTO,Canada
Tabriz,Iran
Tagbilaran,Philippines
Taghazout,Morocco
Taibei,"Republic of China (Taiwan)"
Tainan,"Republic of China (Taiwan)"
Taiyuan,China
Taizhong,"Republic of China (Taiwan)"
Tallinn,Estonia
Tamale,Ghana
Tampa,"United States"
Tampere,Finland
Tampico,Mexico
Tapachula,Mexico
Tartu,Estonia
Tashkent,Uzbekistan
Tbilisi,Georgia
Tegucigalpa,Honduras
Tehran,Iran
"Tel Aviv",Israel
Temuco,Chile
Teresina,Brazil
Tezpur,India
"The Hague",Netherlands
"The Valley","United Kingdom"
Thessaloniki,Greece
Thimphu,Bhutan
"Thiès",Senegal
"Thunder Bay",Canada
Tianjin,China
Tijuana,Mexico
Timbuktu,Mali
Tirana,Albania
Tiraspol,Moldova
Tokyo,Japan
Tolyatti,Russia
Tornio,Finland
Toronto,Canada
"Torreón",Mexico
Toulouse,France
Townsville,Australia
Trelew,Argentina
Trento,Italy
Trenton,"United States"
Tripoli,Libya
Trivandrum,India
"Tromsø",Norway
Trondheim,Norway
"Troy, NC","United States"
Trujillo,Peru
Tskhinvali,Georgia
Tucson,"United States"
Tuktoyaktuk,Canada
Tulsa,"United States"
Tunis,Tunisia
Turin,Italy
Turku,Finland
"Tórshavn",Denmark
"Uberlândia",Brazil
"Udon Thani",Thailand
Ufa,Russia
"Ulan Bator",Mongolia
"Umeå",Sweden
Uppsala,Sweden
Ushuaia,Argentina
Utrecht,Netherlands
Utsjoki,Finland
Vaasa,Finland
"Vadsø",Norway
Vaduz,Liechtenstein
Valdivia,Chile
Valencia,Spain
Valletta,Malta
"Valparaíso",Chile
Vancouver,Canada
Vantaa,Finland
"Vatican City","Vatican City"
Venice,Italy
"Ventura, CA","United States"
Veracruz,Mexico
Verkhoyansk,Russia
Versailles,France
Victoria,Canada
"Victoria, Seychelles",Seychelles
Vienna,Austria
Vientiane,Laos
Vilnius,Lithuania
"Virginia Beach","United States"
Visakhapatnam,India
"Vitória",Brazil
Vladivostok,Russia
Volgograd,Russia
Voronezh,Russia
Waltham,"United States"
Warsaw,Poland
Washington,"United States"
Wellington,"New Zealand"
Weno,"Federated States of Micronesia"
"West Hollywood","United States"
Whitehorse,Canada
Wichita,"United States"
Willemstad,Netherlands
Wilmington,"United States"
Windhoek,Namibia
"Windsor, ON","United States"
Winnipeg,Canada
Wollongong,Australia
Wonsan,"North Korea"
Wuhan,China
"Xi'an",China
Xining,China
Yakutsk,Russia
Yamoussoukro,"Ivory Coast"
Yangon,Burma
"Yaoundé",Cameroon
"Yaren District",Nauru
Yarmouth,Canada
Yaroslavl,Russia
Yekaterinburg,Russia
Yellowknife,Canada
Yerevan,Armenia
Yogyakarta,Indonesia
Yokohama,Japan
Zagreb,Croatia
"Zamboanga City",Philippines
"Zanzibar City",Tanzania
Zapopan,Mexico
Zaragoza,Spain
Zhengzhou,China
Zurich,Switzerland
"Zürich",Switzerland
intern,_intern_
internship,_intern_
internships,_intern_
"no intern",_intern_
"no internships",_intern_
" Buenos Aires",Argentina
" Hong Kong",China
" Macau",China
"Ísafjörður",Iceland
"Örnsköldsvik",Sweden
"Östersund",Sweden
"Ürümqi",China
"İzmir",Turkey
